{"trabalhos":[{"id":1,"estudante":"Ana Silva","tipo":"imagem","titulo":"Paisagem Futurista Gerada por IA","descricao":"Uma paisagem urbana futurista criada com MidJourney, explorando conceitos de cidades sustentáveis e tecnologia verde.","url":"https://via.placeholder.com/800x600/667eea/ffffff?text=Paisagem+Futurista","data":"2026-01-15","ferramentas":["MidJourney","Photoshop"]},{"id":2,"estudante":"Carlos Mendes","tipo":"video","titulo":"Apresentação Corporativa com Avatar IA","descricao":"Vídeo de apresentação corporativa utilizando avatar digital criado com Synthesia para comunicação interna.","url":"https://via.placeholder.com/800x600/8b5cf6/ffffff?text=Video+Avatar","videoUrl":"https://www.w3schools.com/html/mov_bbb.mp4","data":"2026-01-20","ferramentas":["Synthesia","ChatGPT"]},{"id":3,"estudante":"Marina Costa","tipo":"avatar","titulo":"Avatar Virtual para Atendimento ao Cliente","descricao":"Avatar digital realista desenvolvido para sistema de atendimento automatizado, com expressões faciais naturais.","url":"https://via.placeholder.com/800x600/10b981/ffffff?text=Avatar+Digital","data":"2026-01-25","ferramentas":["D-ID","HeyGen"]},{"id":4,"estudante":"Pedro Santos","tipo":"imagem","titulo":"Logo Empresarial com IA","descricao":"Conjunto de propostas de logo para startup de tecnologia, criadas usando DALL-E e refinadas com ferramentas de design.","url":"https://via.placeholder.com/800x600/667eea/ffffff?text=Logo+IA","data":"2026-02-01","ferramentas":["DALL-E","Illustrator","ChatGPT"]},{"id":5,"estudante":"Juliana Oliveira","tipo":"video","titulo":"Campanha de Marketing Digital","descricao":"Série de vídeos curtos para redes sociais criados com Runway, explorando diferentes estilos visuais para engajamento.","url":"https://via.placeholder.com/800x600/8b5cf6/ffffff?text=Campanha+Video","videoUrl":"https://www.w3schools.com/html/movie.mp4","data":"2026-02-05","ferramentas":["Runway","CapCut","ChatGPT"]},{"id":6,"estudante":"Roberto Lima","tipo":"avatar","titulo":"Instrutor Virtual para E-learning","descricao":"Avatar de instrutor virtual para plataforma de ensino online, com capacidade de apresentar conteúdos de forma interativa.","url":"https://via.placeholder.com/800x600/10b981/ffffff?text=Instrutor+Virtual","data":"2026-02-06","ferramentas":["HeyGen","D-ID","ElevenLabs"]},{"id":7,"estudante":"Silvio","tipo":"imagem","titulo":"Avatar Digital Pessoal","descricao":"Avatar digital criado com Google Flow para representação virtual em apresentações e conteúdos online.","url":"data/images/Silvio - img - Avatar - Google Flow.jpeg","data":"2026-02-03","ferramentas":["Google Flow"]},{"id":8,"estudante":"Silvio","tipo":"video","titulo":"Avatar em Vídeo - Demonstração","descricao":"Demonstração em vídeo do avatar digital criado com Google Flow, mostrando movimentos e expressões naturais.","url":"data/images/Silvio - video - avatar - Google Flow.mp4","videoUrl":"data/images/Silvio - video - avatar - Google Flow.mp4","data":"2026-02-03","ferramentas":["Google Flow"]},{"id":9,"estudante":"Adriana","tipo":"video","titulo":"Avatar Digital Profissional","descricao":"Avatar digital criado com Google Flow para uso em apresentações corporativas e conteúdos educacionais.","url":"data/images/Adriana - avatar - video - Google Flow.mp4","videoUrl":"data/images/Adriana - avatar - video - Google Flow.mp4","data":"2026-02-03","ferramentas":["Google Flow"]},{"id":10,"estudante":"Herbert","tipo":"video","titulo":"Avatar Animado","descricao":"Avatar digital animado criado com Google Flow, demonstrando as capacidades de geração de vídeos com IA.","url":"data/images/Herbert - avatar - video - Google Flow.mp4","videoUrl":"data/images/Herbert - avatar - video - Google Flow.mp4","data":"2026-02-03","ferramentas":["Google Flow"]},{"id":11,"estudante":"Keli","tipo":"video","titulo":"Avatar Digital - Versão 01","descricao":"Primeira versão do avatar digital criado com Google Flow, explorando diferentes expressões e movimentos.","url":"data/images/Keli - video 01 - avatar - Google Flow.mp4","videoUrl":"data/images/Keli - video 01 - avatar - Google Flow.mp4","data":"2026-02-03","ferramentas":["Google Flow"]},{"id":12,"estudante":"Keli","tipo":"video","titulo":"Avatar Digital - Versão 02","descricao":"Segunda versão do avatar digital com melhorias e ajustes, criado com Google Flow.","url":"data/images/Keli - video 02 - avatar - Google Flow.mp4.mp4","videoUrl":"data/images/Keli - video 02 - avatar - Google Flow.mp4.mp4","data":"2026-02-03","ferramentas":["Google Flow"]}]}